Plant;Fungi
Clinopodium acinos;DG1
Clinopodium acinos;DG1
Clinopodium acinos;DG2
Clinopodium acinos;DG2
Clinopodium acinos;DG9
Clinopodium acinos;DG9
Clinopodium acinos;VT28
Clinopodium acinos;VT28
Clinopodium acinos;VT54
Clinopodium acinos;VT56
Clinopodium acinos;VT56
Clinopodium acinos;VT57
Clinopodium acinos;VT57
Clinopodium acinos;VT60
Clinopodium acinos;VT60
Clinopodium acinos;VT64
Clinopodium acinos;VT64
Clinopodium acinos;VT83
Clinopodium acinos;VT83
Clinopodium acinos;VT85
Clinopodium acinos;VT113
Clinopodium acinos;VT113
Clinopodium acinos;VT115
Clinopodium acinos;VT115
Clinopodium acinos;VT117
Clinopodium acinos;VT117
Clinopodium acinos;VT125
Clinopodium acinos;VT125
Clinopodium acinos;VT129
Clinopodium acinos;VT129
Clinopodium acinos;VT130
Clinopodium acinos;VT130
Clinopodium acinos;VT135
Clinopodium acinos;VT135
Clinopodium acinos;VT137
Clinopodium acinos;VT137
Clinopodium acinos;VT140
Clinopodium acinos;VT140
Clinopodium acinos;VT143
Clinopodium acinos;VT143
Clinopodium acinos;VT149
Clinopodium acinos;VT149
Clinopodium acinos;VT151
Clinopodium acinos;VT151
Clinopodium acinos;VT153
Clinopodium acinos;VT153
Clinopodium acinos;VT155
Clinopodium acinos;VT156
Clinopodium acinos;VT156
Clinopodium acinos;VT160
Clinopodium acinos;VT160
Clinopodium acinos;VT163
Clinopodium acinos;VT163
Clinopodium acinos;VT165
Clinopodium acinos;VT165
Clinopodium acinos;VT166
Clinopodium acinos;VT166
Clinopodium acinos;VT177
Clinopodium acinos;VT177
Clinopodium acinos;VT186
Clinopodium acinos;VT186
Clinopodium acinos;VT187
Clinopodium acinos;VT187
Clinopodium acinos;VT193
Clinopodium acinos;VT193
Clinopodium acinos;VT196
Clinopodium acinos;VT196
Clinopodium acinos;VT199
Clinopodium acinos;VT199
Clinopodium acinos;VT222
Clinopodium acinos;VT222
Clinopodium acinos;VT233
Clinopodium acinos;VT233
Clinopodium acinos;VT234
Clinopodium acinos;VT245
Clinopodium acinos;VT245
Clinopodium acinos;VT283
Clinopodium acinos;VT283
Clinopodium acinos;VT287
Clinopodium acinos;VT287
Clinopodium acinos;VT304
Clinopodium acinos;VT304
Clinopodium acinos;VT305
Clinopodium acinos;VT306
Clinopodium acinos;VT306
Clinopodium acinos;VT338
Clinopodium acinos;VT338
Clinopodium acinos;VT356
Clinopodium acinos;VT356
Clinopodium acinos;VT417
Clinopodium acinos;VT417
Clinopodium acinos;VT419
Clinopodium acinos;VT419
Clinopodium acinos;VT423
Clinopodium acinos;VT423
Artemisia campestris;DG1
Artemisia campestris;DG1
Artemisia campestris;DG2
Artemisia campestris;DG2
Artemisia campestris;DG3
Artemisia campestris;DG3
Artemisia campestris;DG9
Artemisia campestris;DG9
Artemisia campestris;IH1
Artemisia campestris;IH1
Artemisia campestris;MO-G72
Artemisia campestris;VT57
Artemisia campestris;VT57
Artemisia campestris;VT64
Artemisia campestris;VT64
Artemisia campestris;VT67
Artemisia campestris;VT67
Artemisia campestris;VT77
Artemisia campestris;VT77
Artemisia campestris;VT83
Artemisia campestris;VT83
Artemisia campestris;VT85
Artemisia campestris;VT85
Artemisia campestris;VT109
Artemisia campestris;VT113
Artemisia campestris;VT113
Artemisia campestris;VT115
Artemisia campestris;VT115
Artemisia campestris;VT117
Artemisia campestris;VT117
Artemisia campestris;VT125
Artemisia campestris;VT125
Artemisia campestris;VT129
Artemisia campestris;VT129
Artemisia campestris;VT130
Artemisia campestris;VT130
Artemisia campestris;VT135
Artemisia campestris;VT135
Artemisia campestris;VT137
Artemisia campestris;VT137
Artemisia campestris;VT140
Artemisia campestris;VT140
Artemisia campestris;VT143
Artemisia campestris;VT143
Artemisia campestris;VT149
Artemisia campestris;VT149
Artemisia campestris;VT153
Artemisia campestris;VT153
Artemisia campestris;VT154
Artemisia campestris;VT154
Artemisia campestris;VT155
Artemisia campestris;VT155
Artemisia campestris;VT156
Artemisia campestris;VT156
Artemisia campestris;VT163
Artemisia campestris;VT163
Artemisia campestris;VT165
Artemisia campestris;VT165
Artemisia campestris;VT166
Artemisia campestris;VT166
Artemisia campestris;VT177
Artemisia campestris;VT177
Artemisia campestris;VT186
Artemisia campestris;VT186
Artemisia campestris;VT187
Artemisia campestris;VT187
Artemisia campestris;VT188
Artemisia campestris;VT193
Artemisia campestris;VT193
Artemisia campestris;VT199
Artemisia campestris;VT199
Artemisia campestris;VT214
Artemisia campestris;VT214
Artemisia campestris;VT222
Artemisia campestris;VT222
Artemisia campestris;VT233
Artemisia campestris;VT233
Artemisia campestris;VT234
Artemisia campestris;VT234
Artemisia campestris;VT263
Artemisia campestris;VT263
Artemisia campestris;VT276
Artemisia campestris;VT276
Artemisia campestris;VT287
Artemisia campestris;VT287
Artemisia campestris;VT293
Artemisia campestris;VT293
Artemisia campestris;VT295
Artemisia campestris;VT304
Artemisia campestris;VT304
Artemisia campestris;VT305
Artemisia campestris;VT305
Artemisia campestris;VT342
Artemisia campestris;VT342
Artemisia campestris;VT356
Artemisia campestris;VT356
Artemisia campestris;VT366
Artemisia campestris;VT417
Artemisia campestris;VT417
Artemisia campestris;VT419
Artemisia campestris;VT419
Artemisia campestris;VT423
Antennaria dioica;DG2
Antennaria dioica;DG2
Antennaria dioica;DG3
Antennaria dioica;DG3
Antennaria dioica;DG9
Antennaria dioica;DG9
Antennaria dioica;SS-G2
Antennaria dioica;SS-G2
Antennaria dioica;VT20
Antennaria dioica;VT20
Antennaria dioica;VT26
Antennaria dioica;VT26
Antennaria dioica;VT56
Antennaria dioica;VT56
Antennaria dioica;VT57
Antennaria dioica;VT57
Antennaria dioica;VT64
Antennaria dioica;VT64
Antennaria dioica;VT72
Antennaria dioica;VT72
Antennaria dioica;VT77
Antennaria dioica;VT77
Antennaria dioica;VT83
Antennaria dioica;VT83
Antennaria dioica;VT85
Antennaria dioica;VT85
Antennaria dioica;VT113
Antennaria dioica;VT113
Antennaria dioica;VT115
Antennaria dioica;VT115
Antennaria dioica;VT117
Antennaria dioica;VT117
Antennaria dioica;VT125
Antennaria dioica;VT125
Antennaria dioica;VT129
Antennaria dioica;VT129
Antennaria dioica;VT130
Antennaria dioica;VT130
Antennaria dioica;VT135
Antennaria dioica;VT135
Antennaria dioica;VT137
Antennaria dioica;VT137
Antennaria dioica;VT140
Antennaria dioica;VT140
Antennaria dioica;VT142
Antennaria dioica;VT143
Antennaria dioica;VT143
Antennaria dioica;VT149
Antennaria dioica;VT149
Antennaria dioica;VT153
Antennaria dioica;VT153
Antennaria dioica;VT156
Antennaria dioica;VT156
Antennaria dioica;VT163
Antennaria dioica;VT163
Antennaria dioica;VT165
Antennaria dioica;VT165
Antennaria dioica;VT166
Antennaria dioica;VT166
Antennaria dioica;VT177
Antennaria dioica;VT177
Antennaria dioica;VT185
Antennaria dioica;VT186
Antennaria dioica;VT186
Antennaria dioica;VT187
Antennaria dioica;VT187
Antennaria dioica;VT193
Antennaria dioica;VT193
Antennaria dioica;VT199
Antennaria dioica;VT199
Antennaria dioica;VT212
Antennaria dioica;VT212
Antennaria dioica;VT222
Antennaria dioica;VT222
Antennaria dioica;VT233
Antennaria dioica;VT233
Antennaria dioica;VT276
Antennaria dioica;VT276
Antennaria dioica;VT283
Antennaria dioica;VT283
Antennaria dioica;VT287
Antennaria dioica;VT287
Antennaria dioica;VT293
Antennaria dioica;VT293
Antennaria dioica;VT304
Antennaria dioica;VT304
Antennaria dioica;VT305
Antennaria dioica;VT306
Antennaria dioica;VT306
Antennaria dioica;VT335
Antennaria dioica;VT342
Antennaria dioica;VT342
Antennaria dioica;VT356
Antennaria dioica;VT417
Antennaria dioica;VT417
Agrostis stolonifera;DG1
Agrostis stolonifera;DG1
Agrostis stolonifera;DG2
Agrostis stolonifera;DG2
Agrostis stolonifera;DG3
Agrostis stolonifera;DG3
Agrostis stolonifera;DG9
Agrostis stolonifera;DG9
Agrostis stolonifera;IH1
Agrostis stolonifera;IH1
Agrostis stolonifera;IS-Pg1
Agrostis stolonifera;MO-G72
Agrostis stolonifera;MO-G72
Agrostis stolonifera;VT20
Agrostis stolonifera;VT20
Agrostis stolonifera;VT56
Agrostis stolonifera;VT56
Agrostis stolonifera;VT57
Agrostis stolonifera;VT57
Agrostis stolonifera;VT64
Agrostis stolonifera;VT64
Agrostis stolonifera;VT77
Agrostis stolonifera;VT77
Agrostis stolonifera;VT83
Agrostis stolonifera;VT83
Agrostis stolonifera;VT85
Agrostis stolonifera;VT85
Agrostis stolonifera;VT107
Agrostis stolonifera;VT107
Agrostis stolonifera;VT113
Agrostis stolonifera;VT113
Agrostis stolonifera;VT115
Agrostis stolonifera;VT115
Agrostis stolonifera;VT117
Agrostis stolonifera;VT117
Agrostis stolonifera;VT125
Agrostis stolonifera;VT125
Agrostis stolonifera;VT129
Agrostis stolonifera;VT129
Agrostis stolonifera;VT130
Agrostis stolonifera;VT130
Agrostis stolonifera;VT135
Agrostis stolonifera;VT135
Agrostis stolonifera;VT137
Agrostis stolonifera;VT137
Agrostis stolonifera;VT140
Agrostis stolonifera;VT140
Agrostis stolonifera;VT142
Agrostis stolonifera;VT143
Agrostis stolonifera;VT143
Agrostis stolonifera;VT149
Agrostis stolonifera;VT149
Agrostis stolonifera;VT153
Agrostis stolonifera;VT153
Agrostis stolonifera;VT154
Agrostis stolonifera;VT155
Agrostis stolonifera;VT156
Agrostis stolonifera;VT156
Agrostis stolonifera;VT163
Agrostis stolonifera;VT163
Agrostis stolonifera;VT165
Agrostis stolonifera;VT165
Agrostis stolonifera;VT166
Agrostis stolonifera;VT166
Agrostis stolonifera;VT167
Agrostis stolonifera;VT177
Agrostis stolonifera;VT177
Agrostis stolonifera;VT186
Agrostis stolonifera;VT186
Agrostis stolonifera;VT187
Agrostis stolonifera;VT187
Agrostis stolonifera;VT188
Agrostis stolonifera;VT188
Agrostis stolonifera;VT191
Agrostis stolonifera;VT193
Agrostis stolonifera;VT193
Agrostis stolonifera;VT196
Agrostis stolonifera;VT196
Agrostis stolonifera;VT199
Agrostis stolonifera;VT199
Agrostis stolonifera;VT222
Agrostis stolonifera;VT222
Agrostis stolonifera;VT223
Agrostis stolonifera;VT234
Agrostis stolonifera;VT283
Agrostis stolonifera;VT287
Agrostis stolonifera;VT287
Agrostis stolonifera;VT293
Agrostis stolonifera;VT293
Agrostis stolonifera;VT295
Agrostis stolonifera;VT301
Agrostis stolonifera;VT301
Agrostis stolonifera;VT304
Agrostis stolonifera;VT304
Agrostis stolonifera;VT305
Agrostis stolonifera;VT305
Agrostis stolonifera;VT306
Agrostis stolonifera;VT306
Agrostis stolonifera;VT326
Agrostis stolonifera;VT342
Agrostis stolonifera;VT342
Agrostis stolonifera;VT347
Agrostis stolonifera;VT356
Agrostis stolonifera;VT356
Agrostis stolonifera;VT366
Agrostis stolonifera;VT417
Agrostis stolonifera;VT417
Agrostis stolonifera;VT419
Agrostis stolonifera;VT419
Agrostis stolonifera;VT423
Arabis hirsuta;DG1
Arabis hirsuta;DG2
Arabis hirsuta;DG2
Arabis hirsuta;IH1
Arabis hirsuta;IH1
Arabis hirsuta;MO-G72
Arabis hirsuta;MO-G72
Arabis hirsuta;VT57
Arabis hirsuta;VT57
Arabis hirsuta;VT64
Arabis hirsuta;VT64
Arabis hirsuta;VT83
Arabis hirsuta;VT83
Arabis hirsuta;VT85
Arabis hirsuta;VT85
Arabis hirsuta;VT113
Arabis hirsuta;VT113
Arabis hirsuta;VT115
Arabis hirsuta;VT115
Arabis hirsuta;VT117
Arabis hirsuta;VT117
Arabis hirsuta;VT125
Arabis hirsuta;VT125
Arabis hirsuta;VT129
Arabis hirsuta;VT129
Arabis hirsuta;VT130
Arabis hirsuta;VT130
Arabis hirsuta;VT135
Arabis hirsuta;VT135
Arabis hirsuta;VT137
Arabis hirsuta;VT137
Arabis hirsuta;VT140
Arabis hirsuta;VT140
Arabis hirsuta;VT143
Arabis hirsuta;VT143
Arabis hirsuta;VT149
Arabis hirsuta;VT149
Arabis hirsuta;VT153
Arabis hirsuta;VT153
Arabis hirsuta;VT156
Arabis hirsuta;VT156
Arabis hirsuta;VT163
Arabis hirsuta;VT163
Arabis hirsuta;VT166
Arabis hirsuta;VT166
Arabis hirsuta;VT177
Arabis hirsuta;VT177
Arabis hirsuta;VT186
Arabis hirsuta;VT186
Arabis hirsuta;VT187
Arabis hirsuta;VT187
Arabis hirsuta;VT193
Arabis hirsuta;VT199
Arabis hirsuta;VT199
Arabis hirsuta;VT214
Arabis hirsuta;VT214
Arabis hirsuta;VT222
Arabis hirsuta;VT222
Arabis hirsuta;VT287
Arabis hirsuta;VT287
Arabis hirsuta;VT293
Arabis hirsuta;VT295
Arabis hirsuta;VT304
Arabis hirsuta;VT304
Arabis hirsuta;VT342
Arabis hirsuta;VT417
Arabis hirsuta;VT417
Arabis hirsuta;VT419
Arabis hirsuta;VT419
Allium schoenoprasum;DG1
Allium schoenoprasum;DG1
Allium schoenoprasum;DG3
Allium schoenoprasum;DG9
Allium schoenoprasum;DG9
Allium schoenoprasum;IH1
Allium schoenoprasum;IH1
Allium schoenoprasum;VT57
Allium schoenoprasum;VT57
Allium schoenoprasum;VT60
Allium schoenoprasum;VT60
Allium schoenoprasum;VT64
Allium schoenoprasum;VT64
Allium schoenoprasum;VT83
Allium schoenoprasum;VT83
Allium schoenoprasum;VT85
Allium schoenoprasum;VT107
Allium schoenoprasum;VT107
Allium schoenoprasum;VT109
Allium schoenoprasum;VT109
Allium schoenoprasum;VT113
Allium schoenoprasum;VT113
Allium schoenoprasum;VT115
Allium schoenoprasum;VT115
Allium schoenoprasum;VT117
Allium schoenoprasum;VT117
Allium schoenoprasum;VT118
Allium schoenoprasum;VT125
Allium schoenoprasum;VT125
Allium schoenoprasum;VT130
Allium schoenoprasum;VT130
Allium schoenoprasum;VT135
Allium schoenoprasum;VT135
Allium schoenoprasum;VT137
Allium schoenoprasum;VT137
Allium schoenoprasum;VT140
Allium schoenoprasum;VT140
Allium schoenoprasum;VT143
Allium schoenoprasum;VT143
Allium schoenoprasum;VT149
Allium schoenoprasum;VT149
Allium schoenoprasum;VT153
Allium schoenoprasum;VT153
Allium schoenoprasum;VT154
Allium schoenoprasum;VT156
Allium schoenoprasum;VT156
Allium schoenoprasum;VT160
Allium schoenoprasum;VT163
Allium schoenoprasum;VT163
Allium schoenoprasum;VT165
Allium schoenoprasum;VT165
Allium schoenoprasum;VT166
Allium schoenoprasum;VT166
Allium schoenoprasum;VT167
Allium schoenoprasum;VT177
Allium schoenoprasum;VT177
Allium schoenoprasum;VT186
Allium schoenoprasum;VT186
Allium schoenoprasum;VT187
Allium schoenoprasum;VT187
Allium schoenoprasum;VT188
Allium schoenoprasum;VT188
Allium schoenoprasum;VT191
Allium schoenoprasum;VT193
Allium schoenoprasum;VT193
Allium schoenoprasum;VT196
Allium schoenoprasum;VT196
Allium schoenoprasum;VT199
Allium schoenoprasum;VT199
Allium schoenoprasum;VT212
Allium schoenoprasum;VT212
Allium schoenoprasum;VT214
Allium schoenoprasum;VT214
Allium schoenoprasum;VT222
Allium schoenoprasum;VT222
Allium schoenoprasum;VT233
Allium schoenoprasum;VT233
Allium schoenoprasum;VT276
Allium schoenoprasum;VT287
Allium schoenoprasum;VT287
Allium schoenoprasum;VT293
Allium schoenoprasum;VT293
Allium schoenoprasum;VT301
Allium schoenoprasum;VT301
Allium schoenoprasum;VT304
Allium schoenoprasum;VT304
Allium schoenoprasum;VT305
Allium schoenoprasum;VT305
Allium schoenoprasum;VT306
Allium schoenoprasum;VT306
Allium schoenoprasum;VT326
Allium schoenoprasum;VT326
Allium schoenoprasum;VT334
Allium schoenoprasum;VT335
Allium schoenoprasum;VT342
Allium schoenoprasum;VT342
Allium schoenoprasum;VT347
Allium schoenoprasum;VT347
Allium schoenoprasum;VT356
Allium schoenoprasum;VT356
Allium schoenoprasum;VT417
Allium schoenoprasum;VT417
Allium schoenoprasum;VT419
Allium schoenoprasum;VT419
Achillea millefolium;DG1
Achillea millefolium;DG1
Achillea millefolium;DG2
Achillea millefolium;DG2
Achillea millefolium;DG3
Achillea millefolium;DG3
Achillea millefolium;DG9
Achillea millefolium;DG9
Achillea millefolium;IH1
Achillea millefolium;IH1
Achillea millefolium;MO-G68
Achillea millefolium;MO-G68
Achillea millefolium;MO-G72
Achillea millefolium;VT56
Achillea millefolium;VT56
Achillea millefolium;VT57
Achillea millefolium;VT57
Achillea millefolium;VT64
Achillea millefolium;VT64
Achillea millefolium;VT77
Achillea millefolium;VT77
Achillea millefolium;VT83
Achillea millefolium;VT83
Achillea millefolium;VT85
Achillea millefolium;VT85
Achillea millefolium;VT107
Achillea millefolium;VT113
Achillea millefolium;VT113
Achillea millefolium;VT115
Achillea millefolium;VT115
Achillea millefolium;VT117
Achillea millefolium;VT117
Achillea millefolium;VT125
Achillea millefolium;VT125
Achillea millefolium;VT129
Achillea millefolium;VT129
Achillea millefolium;VT130
Achillea millefolium;VT130
Achillea millefolium;VT135
Achillea millefolium;VT135
Achillea millefolium;VT137
Achillea millefolium;VT137
Achillea millefolium;VT140
Achillea millefolium;VT140
Achillea millefolium;VT143
Achillea millefolium;VT143
Achillea millefolium;VT149
Achillea millefolium;VT149
Achillea millefolium;VT153
Achillea millefolium;VT153
Achillea millefolium;VT155
Achillea millefolium;VT156
Achillea millefolium;VT156
Achillea millefolium;VT163
Achillea millefolium;VT163
Achillea millefolium;VT165
Achillea millefolium;VT165
Achillea millefolium;VT166
Achillea millefolium;VT166
Achillea millefolium;VT177
Achillea millefolium;VT177
Achillea millefolium;VT186
Achillea millefolium;VT186
Achillea millefolium;VT187
Achillea millefolium;VT187
Achillea millefolium;VT193
Achillea millefolium;VT193
Achillea millefolium;VT199
Achillea millefolium;VT199
Achillea millefolium;VT214
Achillea millefolium;VT214
Achillea millefolium;VT222
Achillea millefolium;VT222
Achillea millefolium;VT233
Achillea millefolium;VT233
Achillea millefolium;VT276
Achillea millefolium;VT276
Achillea millefolium;VT283
Achillea millefolium;VT287
Achillea millefolium;VT287
Achillea millefolium;VT293
Achillea millefolium;VT293
Achillea millefolium;VT295
Achillea millefolium;VT295
Achillea millefolium;VT301
Achillea millefolium;VT301
Achillea millefolium;VT304
Achillea millefolium;VT304
Achillea millefolium;VT305
Achillea millefolium;VT305
Achillea millefolium;VT306
Achillea millefolium;VT306
Achillea millefolium;VT326
Achillea millefolium;VT326
Achillea millefolium;VT356
Achillea millefolium;VT356
Achillea millefolium;VT417
Achillea millefolium;VT417
Achillea millefolium;VT419
Achillea millefolium;VT419
Achillea millefolium;VT423
Achillea millefolium;VT423
Artemisia rupestris;DG1
Artemisia rupestris;DG1
Artemisia rupestris;DG2
Artemisia rupestris;DG2
Artemisia rupestris;DG3
Artemisia rupestris;DG3
Artemisia rupestris;DG9
Artemisia rupestris;DG9
Artemisia rupestris;IH1
Artemisia rupestris;IH1
Artemisia rupestris;VT57
Artemisia rupestris;VT57
Artemisia rupestris;VT64
Artemisia rupestris;VT64
Artemisia rupestris;VT77
Artemisia rupestris;VT77
Artemisia rupestris;VT83
Artemisia rupestris;VT83
Artemisia rupestris;VT85
Artemisia rupestris;VT85
Artemisia rupestris;VT107
Artemisia rupestris;VT109
Artemisia rupestris;VT109
Artemisia rupestris;VT113
Artemisia rupestris;VT113
Artemisia rupestris;VT115
Artemisia rupestris;VT115
Artemisia rupestris;VT117
Artemisia rupestris;VT117
Artemisia rupestris;VT125
Artemisia rupestris;VT125
Artemisia rupestris;VT129
Artemisia rupestris;VT129
Artemisia rupestris;VT130
Artemisia rupestris;VT130
Artemisia rupestris;VT135
Artemisia rupestris;VT135
Artemisia rupestris;VT137
Artemisia rupestris;VT137
Artemisia rupestris;VT140
Artemisia rupestris;VT140
Artemisia rupestris;VT143
Artemisia rupestris;VT143
Artemisia rupestris;VT149
Artemisia rupestris;VT149
Artemisia rupestris;VT153
Artemisia rupestris;VT153
Artemisia rupestris;VT155
Artemisia rupestris;VT155
Artemisia rupestris;VT156
Artemisia rupestris;VT156
Artemisia rupestris;VT163
Artemisia rupestris;VT163
Artemisia rupestris;VT165
Artemisia rupestris;VT165
Artemisia rupestris;VT166
Artemisia rupestris;VT166
Artemisia rupestris;VT167
Artemisia rupestris;VT177
Artemisia rupestris;VT177
Artemisia rupestris;VT186
Artemisia rupestris;VT186
Artemisia rupestris;VT187
Artemisia rupestris;VT187
Artemisia rupestris;VT188
Artemisia rupestris;VT188
Artemisia rupestris;VT193
Artemisia rupestris;VT193
Artemisia rupestris;VT196
Artemisia rupestris;VT196
Artemisia rupestris;VT199
Artemisia rupestris;VT199
Artemisia rupestris;VT212
Artemisia rupestris;VT212
Artemisia rupestris;VT214
Artemisia rupestris;VT214
Artemisia rupestris;VT222
Artemisia rupestris;VT222
Artemisia rupestris;VT276
Artemisia rupestris;VT276
Artemisia rupestris;VT287
Artemisia rupestris;VT287
Artemisia rupestris;VT293
Artemisia rupestris;VT293
Artemisia rupestris;VT301
Artemisia rupestris;VT301
Artemisia rupestris;VT304
Artemisia rupestris;VT304
Artemisia rupestris;VT305
Artemisia rupestris;VT305
Artemisia rupestris;VT323
Artemisia rupestris;VT323
Artemisia rupestris;VT342
Artemisia rupestris;VT342
Artemisia rupestris;VT356
Artemisia rupestris;VT393
Artemisia rupestris;VT393
Artemisia rupestris;VT417
Artemisia rupestris;VT417
Artemisia rupestris;VT419
Artemisia rupestris;VT419
Artemisia rupestris;VT423
Artemisia rupestris;VT423
Asplenium ruta-muraria;DG1
Asplenium ruta-muraria;DG1
Asplenium ruta-muraria;DG2
Asplenium ruta-muraria;DG2
Asplenium ruta-muraria;DG9
Asplenium ruta-muraria;IH1
Asplenium ruta-muraria;IH1
Asplenium ruta-muraria;IS-Pg1
Asplenium ruta-muraria;IS-Pg1
Asplenium ruta-muraria;MO-G72
Asplenium ruta-muraria;MO-G72
Asplenium ruta-muraria;SS-G2
Asplenium ruta-muraria;SS-G2
Asplenium ruta-muraria;VT20
Asplenium ruta-muraria;VT20
Asplenium ruta-muraria;VT56
Asplenium ruta-muraria;VT56
Asplenium ruta-muraria;VT57
Asplenium ruta-muraria;VT57
Asplenium ruta-muraria;VT64
Asplenium ruta-muraria;VT64
Asplenium ruta-muraria;VT77
Asplenium ruta-muraria;VT83
Asplenium ruta-muraria;VT83
Asplenium ruta-muraria;VT85
Asplenium ruta-muraria;VT85
Asplenium ruta-muraria;VT107
Asplenium ruta-muraria;VT107
Asplenium ruta-muraria;VT113
Asplenium ruta-muraria;VT113
Asplenium ruta-muraria;VT115
Asplenium ruta-muraria;VT115
Asplenium ruta-muraria;VT117
Asplenium ruta-muraria;VT117
Asplenium ruta-muraria;VT125
Asplenium ruta-muraria;VT125
Asplenium ruta-muraria;VT129
Asplenium ruta-muraria;VT129
Asplenium ruta-muraria;VT130
Asplenium ruta-muraria;VT130
Asplenium ruta-muraria;VT135
Asplenium ruta-muraria;VT135
Asplenium ruta-muraria;VT137
Asplenium ruta-muraria;VT143
Asplenium ruta-muraria;VT143
Asplenium ruta-muraria;VT149
Asplenium ruta-muraria;VT149
Asplenium ruta-muraria;VT153
Asplenium ruta-muraria;VT153
Asplenium ruta-muraria;VT154
Asplenium ruta-muraria;VT154
Asplenium ruta-muraria;VT155
Asplenium ruta-muraria;VT156
Asplenium ruta-muraria;VT156
Asplenium ruta-muraria;VT163
Asplenium ruta-muraria;VT163
Asplenium ruta-muraria;VT165
Asplenium ruta-muraria;VT165
Asplenium ruta-muraria;VT166
Asplenium ruta-muraria;VT166
Asplenium ruta-muraria;VT177
Asplenium ruta-muraria;VT177
Asplenium ruta-muraria;VT184
Asplenium ruta-muraria;VT186
Asplenium ruta-muraria;VT186
Asplenium ruta-muraria;VT187
Asplenium ruta-muraria;VT187
Asplenium ruta-muraria;VT199
Asplenium ruta-muraria;VT199
Asplenium ruta-muraria;VT222
Asplenium ruta-muraria;VT222
Asplenium ruta-muraria;VT233
Asplenium ruta-muraria;VT233
Asplenium ruta-muraria;VT234
Asplenium ruta-muraria;VT287
Asplenium ruta-muraria;VT287
Asplenium ruta-muraria;VT301
Asplenium ruta-muraria;VT301
Asplenium ruta-muraria;VT304
Asplenium ruta-muraria;VT304
Asplenium ruta-muraria;VT305
Asplenium ruta-muraria;VT305
Asplenium ruta-muraria;VT342
Asplenium ruta-muraria;VT342
Asplenium ruta-muraria;VT417
Asplenium ruta-muraria;VT417
Anthyllis vulneraria;DG9
Anthyllis vulneraria;DG9
Anthyllis vulneraria;IH1
Anthyllis vulneraria;IH1
Anthyllis vulneraria;MO-G68
Anthyllis vulneraria;MO-G68
Anthyllis vulneraria;MO-G72
Anthyllis vulneraria;MO-G72
Anthyllis vulneraria;SS-G1
Anthyllis vulneraria;SS-G1
Anthyllis vulneraria;VT26
Anthyllis vulneraria;VT57
Anthyllis vulneraria;VT57
Anthyllis vulneraria;VT64
Anthyllis vulneraria;VT64
Anthyllis vulneraria;VT72
Anthyllis vulneraria;VT72
Anthyllis vulneraria;VT83
Anthyllis vulneraria;VT83
Anthyllis vulneraria;VT112
Anthyllis vulneraria;VT113
Anthyllis vulneraria;VT113
Anthyllis vulneraria;VT115
Anthyllis vulneraria;VT115
Anthyllis vulneraria;VT117
Anthyllis vulneraria;VT117
Anthyllis vulneraria;VT125
Anthyllis vulneraria;VT125
Anthyllis vulneraria;VT129
Anthyllis vulneraria;VT129
Anthyllis vulneraria;VT130
Anthyllis vulneraria;VT130
Anthyllis vulneraria;VT135
Anthyllis vulneraria;VT135
Anthyllis vulneraria;VT137
Anthyllis vulneraria;VT137
Anthyllis vulneraria;VT143
Anthyllis vulneraria;VT143
Anthyllis vulneraria;VT149
Anthyllis vulneraria;VT149
Anthyllis vulneraria;VT153
Anthyllis vulneraria;VT153
Anthyllis vulneraria;VT156
Anthyllis vulneraria;VT163
Anthyllis vulneraria;VT163
Anthyllis vulneraria;VT165
Anthyllis vulneraria;VT165
Anthyllis vulneraria;VT166
Anthyllis vulneraria;VT166
Anthyllis vulneraria;VT177
Anthyllis vulneraria;VT177
Anthyllis vulneraria;VT186
Anthyllis vulneraria;VT186
Anthyllis vulneraria;VT187
Anthyllis vulneraria;VT187
Anthyllis vulneraria;VT193
Anthyllis vulneraria;VT193
Anthyllis vulneraria;VT199
Anthyllis vulneraria;VT199
Anthyllis vulneraria;VT222
Anthyllis vulneraria;VT222
Anthyllis vulneraria;VT233
Anthyllis vulneraria;VT233
Anthyllis vulneraria;VT263
Anthyllis vulneraria;VT263
Anthyllis vulneraria;VT295
Anthyllis vulneraria;VT295
Anthyllis vulneraria;VT304
Anthyllis vulneraria;VT305
Anthyllis vulneraria;VT305
Anthyllis vulneraria;VT306
Anthyllis vulneraria;VT306
Anthyllis vulneraria;VT347
Anthyllis vulneraria;VT347
Anthyllis vulneraria;VT356
Anthyllis vulneraria;VT417
Anthyllis vulneraria;VT417
Briza media;DG1
Briza media;DG3
Briza media;DG9
Briza media;DG9
Briza media;IH1
Briza media;IH1
Briza media;INTA-4
Briza media;MO-G68
Briza media;MO-G72
Briza media;MO-G72
Briza media;SS-G1
Briza media;SS-G2
Briza media;SS-G2
Briza media;VT26
Briza media;VT26
Briza media;VT56
Briza media;VT56
Briza media;VT57
Briza media;VT57
Briza media;VT64
Briza media;VT64
Briza media;VT72
Briza media;VT72
Briza media;VT83
Briza media;VT83
Briza media;VT85
Briza media;VT85
Briza media;VT113
Briza media;VT113
Briza media;VT115
Briza media;VT115
Briza media;VT117
Briza media;VT117
Briza media;VT125
Briza media;VT125
Briza media;VT129
Briza media;VT129
Briza media;VT130
Briza media;VT130
Briza media;VT135
Briza media;VT135
Briza media;VT137
Briza media;VT137
Briza media;VT140
Briza media;VT140
Briza media;VT143
Briza media;VT143
Briza media;VT149
Briza media;VT149
Briza media;VT153
Briza media;VT153
Briza media;VT154
Briza media;VT156
Briza media;VT156
Briza media;VT163
Briza media;VT163
Briza media;VT165
Briza media;VT165
Briza media;VT166
Briza media;VT166
Briza media;VT185
Briza media;VT186
Briza media;VT186
Briza media;VT187
Briza media;VT187
Briza media;VT191
Briza media;VT191
Briza media;VT193
Briza media;VT193
Briza media;VT196
Briza media;VT196
Briza media;VT199
Briza media;VT199
Briza media;VT214
Briza media;VT214
Briza media;VT222
Briza media;VT222
Briza media;VT233
Briza media;VT233
Briza media;VT245
Briza media;VT245
Briza media;VT283
Briza media;VT283
Briza media;VT287
Briza media;VT287
Briza media;VT304
Briza media;VT304
Briza media;VT305
Briza media;VT305
Briza media;VT306
Briza media;VT306
Briza media;VT326
Briza media;VT334
Briza media;VT342
Briza media;VT342
Briza media;VT347
Briza media;VT347
Briza media;VT356
Briza media;VT356
Briza media;VT393
Briza media;VT417
Briza media;VT417
Briza media;VT419
Briza media;VT419
Briza media;VT423
Campanula rotundifolia;DG1
Campanula rotundifolia;DG1
Campanula rotundifolia;DG2
Campanula rotundifolia;DG2
Campanula rotundifolia;DG9
Campanula rotundifolia;IH1
Campanula rotundifolia;IH1
Campanula rotundifolia;SS-G1
Campanula rotundifolia;SS-G2
Campanula rotundifolia;SS-G2
Campanula rotundifolia;VT26
Campanula rotundifolia;VT26
Campanula rotundifolia;VT56
Campanula rotundifolia;VT56
Campanula rotundifolia;VT57
Campanula rotundifolia;VT57
Campanula rotundifolia;VT64
Campanula rotundifolia;VT64
Campanula rotundifolia;VT72
Campanula rotundifolia;VT72
Campanula rotundifolia;VT83
Campanula rotundifolia;VT83
Campanula rotundifolia;VT85
Campanula rotundifolia;VT85
Campanula rotundifolia;VT109
Campanula rotundifolia;VT113
Campanula rotundifolia;VT113
Campanula rotundifolia;VT115
Campanula rotundifolia;VT115
Campanula rotundifolia;VT117
Campanula rotundifolia;VT117
Campanula rotundifolia;VT125
Campanula rotundifolia;VT125
Campanula rotundifolia;VT129
Campanula rotundifolia;VT129
Campanula rotundifolia;VT130
Campanula rotundifolia;VT130
Campanula rotundifolia;VT135
Campanula rotundifolia;VT135
Campanula rotundifolia;VT137
Campanula rotundifolia;VT140
Campanula rotundifolia;VT140
Campanula rotundifolia;VT143
Campanula rotundifolia;VT143
Campanula rotundifolia;VT149
Campanula rotundifolia;VT149
Campanula rotundifolia;VT153
Campanula rotundifolia;VT153
Campanula rotundifolia;VT154
Campanula rotundifolia;VT155
Campanula rotundifolia;VT156
Campanula rotundifolia;VT156
Campanula rotundifolia;VT163
Campanula rotundifolia;VT163
Campanula rotundifolia;VT166
Campanula rotundifolia;VT166
Campanula rotundifolia;VT177
Campanula rotundifolia;VT177
Campanula rotundifolia;VT186
Campanula rotundifolia;VT186
Campanula rotundifolia;VT187
Campanula rotundifolia;VT187
Campanula rotundifolia;VT193
Campanula rotundifolia;VT193
Campanula rotundifolia;VT199
Campanula rotundifolia;VT199
Campanula rotundifolia;VT214
Campanula rotundifolia;VT214
Campanula rotundifolia;VT222
Campanula rotundifolia;VT222
Campanula rotundifolia;VT233
Campanula rotundifolia;VT233
Campanula rotundifolia;VT245
Campanula rotundifolia;VT245
Campanula rotundifolia;VT287
Campanula rotundifolia;VT287
Campanula rotundifolia;VT293
Campanula rotundifolia;VT293
Campanula rotundifolia;VT304
Campanula rotundifolia;VT304
Campanula rotundifolia;VT306
Campanula rotundifolia;VT306
Campanula rotundifolia;VT335
Campanula rotundifolia;VT347
Campanula rotundifolia;VT347
Campanula rotundifolia;VT356
Campanula rotundifolia;VT417
Campanula rotundifolia;VT417
Euphrasia officinalis;DG3
Euphrasia officinalis;IH1
Euphrasia officinalis;IH1
Euphrasia officinalis;INTA-4
Euphrasia officinalis;VT57
Euphrasia officinalis;VT83
Euphrasia officinalis;VT83
Euphrasia officinalis;VT113
Euphrasia officinalis;VT113
Euphrasia officinalis;VT115
Euphrasia officinalis;VT115
Euphrasia officinalis;VT140
Euphrasia officinalis;VT140
Euphrasia officinalis;VT143
Euphrasia officinalis;VT143
Euphrasia officinalis;VT149
Euphrasia officinalis;VT149
Euphrasia officinalis;VT156
Euphrasia officinalis;VT156
Euphrasia officinalis;VT163
Euphrasia officinalis;VT163
Euphrasia officinalis;VT166
Euphrasia officinalis;VT166
Euphrasia officinalis;VT177
Euphrasia officinalis;VT177
Euphrasia officinalis;VT186
Euphrasia officinalis;VT186
Euphrasia officinalis;VT187
Euphrasia officinalis;VT191
Euphrasia officinalis;VT199
Euphrasia officinalis;VT222
Euphrasia officinalis;VT222
Euphrasia officinalis;VT304
Euphrasia officinalis;VT304
Euphrasia officinalis;VT393
Euphrasia officinalis;VT393
Euphrasia officinalis;VT417
Frangula alnus;DG1
Frangula alnus;DG2
Frangula alnus;DG2
Frangula alnus;DG9
Frangula alnus;DG9
Frangula alnus;IH1
Frangula alnus;MO-G72
Frangula alnus;MO-G72
Frangula alnus;SS-G1
Frangula alnus;SS-G1
Frangula alnus;VT26
Frangula alnus;VT56
Frangula alnus;VT56
Frangula alnus;VT57
Frangula alnus;VT57
Frangula alnus;VT64
Frangula alnus;VT64
Frangula alnus;VT77
Frangula alnus;VT83
Frangula alnus;VT83
Frangula alnus;VT85
Frangula alnus;VT85
Frangula alnus;VT107
Frangula alnus;VT113
Frangula alnus;VT113
Frangula alnus;VT115
Frangula alnus;VT115
Frangula alnus;VT117
Frangula alnus;VT117
Frangula alnus;VT125
Frangula alnus;VT125
Frangula alnus;VT129
Frangula alnus;VT129
Frangula alnus;VT130
Frangula alnus;VT130
Frangula alnus;VT135
Frangula alnus;VT135
Frangula alnus;VT137
Frangula alnus;VT137
Frangula alnus;VT140
Frangula alnus;VT140
Frangula alnus;VT142
Frangula alnus;VT143
Frangula alnus;VT143
Frangula alnus;VT149
Frangula alnus;VT149
Frangula alnus;VT153
Frangula alnus;VT153
Frangula alnus;VT155
Frangula alnus;VT156
Frangula alnus;VT156
Frangula alnus;VT163
Frangula alnus;VT163
Frangula alnus;VT165
Frangula alnus;VT165
Frangula alnus;VT166
Frangula alnus;VT166
Frangula alnus;VT177
Frangula alnus;VT177
Frangula alnus;VT186
Frangula alnus;VT186
Frangula alnus;VT187
Frangula alnus;VT187
Frangula alnus;VT193
Frangula alnus;VT193
Frangula alnus;VT196
Frangula alnus;VT199
Frangula alnus;VT199
Frangula alnus;VT214
Frangula alnus;VT214
Frangula alnus;VT222
Frangula alnus;VT222
Frangula alnus;VT276
Frangula alnus;VT276
Frangula alnus;VT287
Frangula alnus;VT287
Frangula alnus;VT301
Frangula alnus;VT304
Frangula alnus;VT304
Frangula alnus;VT305
Frangula alnus;VT323
Frangula alnus;VT324
Frangula alnus;VT326
Frangula alnus;VT326
Frangula alnus;VT347
Frangula alnus;VT347
Frangula alnus;VT371
Frangula alnus;VT371
Frangula alnus;VT373
Frangula alnus;VT373
Frangula alnus;VT417
Frangula alnus;VT417
Frangula alnus;VT419
Frangula alnus;VT419
Festuca ovina;DG1
Festuca ovina;DG1
Festuca ovina;DG2
Festuca ovina;DG2
Festuca ovina;DG3
Festuca ovina;DG3
Festuca ovina;DG9
Festuca ovina;DG9
Festuca ovina;IH1
Festuca ovina;MO-G67
Festuca ovina;VT54
Festuca ovina;VT56
Festuca ovina;VT56
Festuca ovina;VT57
Festuca ovina;VT57
Festuca ovina;VT64
Festuca ovina;VT64
Festuca ovina;VT77
Festuca ovina;VT77
Festuca ovina;VT83
Festuca ovina;VT83
Festuca ovina;VT85
Festuca ovina;VT85
Festuca ovina;VT86
Festuca ovina;VT86
Festuca ovina;VT113
Festuca ovina;VT113
Festuca ovina;VT115
Festuca ovina;VT115
Festuca ovina;VT117
Festuca ovina;VT117
Festuca ovina;VT125
Festuca ovina;VT125
Festuca ovina;VT129
Festuca ovina;VT129
Festuca ovina;VT130
Festuca ovina;VT130
Festuca ovina;VT135
Festuca ovina;VT135
Festuca ovina;VT137
Festuca ovina;VT137
Festuca ovina;VT140
Festuca ovina;VT140
Festuca ovina;VT142
Festuca ovina;VT142
Festuca ovina;VT143
Festuca ovina;VT143
Festuca ovina;VT149
Festuca ovina;VT149
Festuca ovina;VT153
Festuca ovina;VT153
Festuca ovina;VT154
Festuca ovina;VT155
Festuca ovina;VT155
Festuca ovina;VT156
Festuca ovina;VT156
Festuca ovina;VT163
Festuca ovina;VT163
Festuca ovina;VT165
Festuca ovina;VT165
Festuca ovina;VT166
Festuca ovina;VT166
Festuca ovina;VT177
Festuca ovina;VT177
Festuca ovina;VT185
Festuca ovina;VT186
Festuca ovina;VT186
Festuca ovina;VT187
Festuca ovina;VT187
Festuca ovina;VT188
Festuca ovina;VT188
Festuca ovina;VT193
Festuca ovina;VT193
Festuca ovina;VT199
Festuca ovina;VT199
Festuca ovina;VT212
Festuca ovina;VT212
Festuca ovina;VT214
Festuca ovina;VT214
Festuca ovina;VT222
Festuca ovina;VT222
Festuca ovina;VT263
Festuca ovina;VT263
Festuca ovina;VT276
Festuca ovina;VT287
Festuca ovina;VT287
Festuca ovina;VT293
Festuca ovina;VT293
Festuca ovina;VT295
Festuca ovina;VT295
Festuca ovina;VT304
Festuca ovina;VT304
Festuca ovina;VT305
Festuca ovina;VT305
Festuca ovina;VT306
Festuca ovina;VT306
Festuca ovina;VT334
Festuca ovina;VT338
Festuca ovina;VT338
Festuca ovina;VT342
Festuca ovina;VT342
Festuca ovina;VT347
Festuca ovina;VT347
Festuca ovina;VT380
Festuca ovina;VT393
Festuca ovina;VT393
Festuca ovina;VT417
Festuca ovina;VT417
Festuca ovina;VT419
Festuca ovina;VT419
Festuca ovina;VT423
Festuca ovina;VT423
Filipendula vulgaris;DG1
Filipendula vulgaris;DG1
Filipendula vulgaris;DG9
Filipendula vulgaris;DG9
Filipendula vulgaris;GCL-6
Filipendula vulgaris;IH1
Filipendula vulgaris;IH1
Filipendula vulgaris;VT26
Filipendula vulgaris;VT56
Filipendula vulgaris;VT56
Filipendula vulgaris;VT57
Filipendula vulgaris;VT57
Filipendula vulgaris;VT64
Filipendula vulgaris;VT64
Filipendula vulgaris;VT72
Filipendula vulgaris;VT72
Filipendula vulgaris;VT78
Filipendula vulgaris;VT83
Filipendula vulgaris;VT83
Filipendula vulgaris;VT85
Filipendula vulgaris;VT85
Filipendula vulgaris;VT107
Filipendula vulgaris;VT107
Filipendula vulgaris;VT109
Filipendula vulgaris;VT113
Filipendula vulgaris;VT113
Filipendula vulgaris;VT115
Filipendula vulgaris;VT115
Filipendula vulgaris;VT117
Filipendula vulgaris;VT117
Filipendula vulgaris;VT125
Filipendula vulgaris;VT125
Filipendula vulgaris;VT129
Filipendula vulgaris;VT129
Filipendula vulgaris;VT130
Filipendula vulgaris;VT130
Filipendula vulgaris;VT135
Filipendula vulgaris;VT135
Filipendula vulgaris;VT137
Filipendula vulgaris;VT137
Filipendula vulgaris;VT140
Filipendula vulgaris;VT140
Filipendula vulgaris;VT143
Filipendula vulgaris;VT143
Filipendula vulgaris;VT149
Filipendula vulgaris;VT149
Filipendula vulgaris;VT153
Filipendula vulgaris;VT153
Filipendula vulgaris;VT154
Filipendula vulgaris;VT155
Filipendula vulgaris;VT155
Filipendula vulgaris;VT156
Filipendula vulgaris;VT156
Filipendula vulgaris;VT163
Filipendula vulgaris;VT163
Filipendula vulgaris;VT165
Filipendula vulgaris;VT165
Filipendula vulgaris;VT166
Filipendula vulgaris;VT166
Filipendula vulgaris;VT177
Filipendula vulgaris;VT177
Filipendula vulgaris;VT185
Filipendula vulgaris;VT186
Filipendula vulgaris;VT186
Filipendula vulgaris;VT187
Filipendula vulgaris;VT187
Filipendula vulgaris;VT188
Filipendula vulgaris;VT188
Filipendula vulgaris;VT193
Filipendula vulgaris;VT193
Filipendula vulgaris;VT196
Filipendula vulgaris;VT196
Filipendula vulgaris;VT199
Filipendula vulgaris;VT199
Filipendula vulgaris;VT212
Filipendula vulgaris;VT212
Filipendula vulgaris;VT214
Filipendula vulgaris;VT214
Filipendula vulgaris;VT222
Filipendula vulgaris;VT222
Filipendula vulgaris;VT233
Filipendula vulgaris;VT233
Filipendula vulgaris;VT234
Filipendula vulgaris;VT234
Filipendula vulgaris;VT245
Filipendula vulgaris;VT245
Filipendula vulgaris;VT276
Filipendula vulgaris;VT287
Filipendula vulgaris;VT287
Filipendula vulgaris;VT293
Filipendula vulgaris;VT293
Filipendula vulgaris;VT295
Filipendula vulgaris;VT295
Filipendula vulgaris;VT304
Filipendula vulgaris;VT304
Filipendula vulgaris;VT305
Filipendula vulgaris;VT305
Filipendula vulgaris;VT306
Filipendula vulgaris;VT338
Filipendula vulgaris;VT342
Filipendula vulgaris;VT342
Filipendula vulgaris;VT344
Filipendula vulgaris;VT347
Filipendula vulgaris;VT356
Filipendula vulgaris;VT356
Filipendula vulgaris;VT366
Filipendula vulgaris;VT366
Filipendula vulgaris;VT372
Filipendula vulgaris;VT393
Filipendula vulgaris;VT393
Filipendula vulgaris;VT417
Filipendula vulgaris;VT417
Filipendula vulgaris;VT419
Filipendula vulgaris;VT419
Filipendula vulgaris;VT423
Filipendula vulgaris;VT423
Galium boreale;DG1
Galium boreale;DG1
Galium boreale;DG2
Galium boreale;DG2
Galium boreale;DG3
Galium boreale;DG3
Galium boreale;DG9
Galium boreale;DG9
Galium boreale;GCL-8
Galium boreale;IH1
Galium boreale;MO-G72
Galium boreale;MO-G72
Galium boreale;VT26
Galium boreale;VT26
Galium boreale;VT56
Galium boreale;VT56
Galium boreale;VT57
Galium boreale;VT57
Galium boreale;VT64
Galium boreale;VT64
Galium boreale;VT67
Galium boreale;VT72
Galium boreale;VT72
Galium boreale;VT77
Galium boreale;VT77
Galium boreale;VT83
Galium boreale;VT83
Galium boreale;VT85
Galium boreale;VT85
Galium boreale;VT113
Galium boreale;VT113
Galium boreale;VT115
Galium boreale;VT115
Galium boreale;VT117
Galium boreale;VT117
Galium boreale;VT125
Galium boreale;VT125
Galium boreale;VT129
Galium boreale;VT129
Galium boreale;VT130
Galium boreale;VT130
Galium boreale;VT135
Galium boreale;VT135
Galium boreale;VT137
Galium boreale;VT137
Galium boreale;VT140
Galium boreale;VT140
Galium boreale;VT143
Galium boreale;VT143
Galium boreale;VT149
Galium boreale;VT149
Galium boreale;VT153
Galium boreale;VT153
Galium boreale;VT154
Galium boreale;VT155
Galium boreale;VT155
Galium boreale;VT156
Galium boreale;VT156
Galium boreale;VT163
Galium boreale;VT163
Galium boreale;VT165
Galium boreale;VT165
Galium boreale;VT166
Galium boreale;VT166
Galium boreale;VT177
Galium boreale;VT177
Galium boreale;VT186
Galium boreale;VT186
Galium boreale;VT187
Galium boreale;VT187
Galium boreale;VT193
Galium boreale;VT193
Galium boreale;VT194
Galium boreale;VT196
Galium boreale;VT196
Galium boreale;VT199
Galium boreale;VT199
Galium boreale;VT214
Galium boreale;VT214
Galium boreale;VT222
Galium boreale;VT222
Galium boreale;VT233
Galium boreale;VT233
Galium boreale;VT234
Galium boreale;VT234
Galium boreale;VT287
Galium boreale;VT287
Galium boreale;VT293
Galium boreale;VT293
Galium boreale;VT295
Galium boreale;VT304
Galium boreale;VT304
Galium boreale;VT305
Galium boreale;VT305
Galium boreale;VT306
Galium boreale;VT326
Galium boreale;VT335
Galium boreale;VT342
Galium boreale;VT344
Galium boreale;VT347
Galium boreale;VT417
Galium boreale;VT417
Galium boreale;VT419
Galium boreale;VT419
Galium verum;DG1
Galium verum;DG1
Galium verum;DG2
Galium verum;DG2
Galium verum;DG3
Galium verum;DG3
Galium verum;DG9
Galium verum;DG9
Galium verum;IH1
Galium verum;IH1
Galium verum;VT56
Galium verum;VT56
Galium verum;VT57
Galium verum;VT57
Galium verum;VT60
Galium verum;VT60
Galium verum;VT64
Galium verum;VT64
Galium verum;VT77
Galium verum;VT77
Galium verum;VT83
Galium verum;VT83
Galium verum;VT85
Galium verum;VT85
Galium verum;VT109
Galium verum;VT113
Galium verum;VT113
Galium verum;VT115
Galium verum;VT115
Galium verum;VT117
Galium verum;VT117
Galium verum;VT125
Galium verum;VT125
Galium verum;VT129
Galium verum;VT129
Galium verum;VT130
Galium verum;VT130
Galium verum;VT135
Galium verum;VT135
Galium verum;VT137
Galium verum;VT137
Galium verum;VT140
Galium verum;VT140
Galium verum;VT142
Galium verum;VT142
Galium verum;VT143
Galium verum;VT143
Galium verum;VT149
Galium verum;VT149
Galium verum;VT153
Galium verum;VT153
Galium verum;VT155
Galium verum;VT155
Galium verum;VT156
Galium verum;VT156
Galium verum;VT163
Galium verum;VT163
Galium verum;VT165
Galium verum;VT165
Galium verum;VT166
Galium verum;VT166
Galium verum;VT177
Galium verum;VT177
Galium verum;VT186
Galium verum;VT186
Galium verum;VT187
Galium verum;VT187
Galium verum;VT191
Galium verum;VT193
Galium verum;VT193
Galium verum;VT196
Galium verum;VT199
Galium verum;VT199
Galium verum;VT212
Galium verum;VT212
Galium verum;VT214
Galium verum;VT214
Galium verum;VT222
Galium verum;VT222
Galium verum;VT245
Galium verum;VT245
Galium verum;VT276
Galium verum;VT276
Galium verum;VT283
Galium verum;VT287
Galium verum;VT287
Galium verum;VT293
Galium verum;VT293
Galium verum;VT295
Galium verum;VT301
Galium verum;VT301
Galium verum;VT304
Galium verum;VT304
Galium verum;VT305
Galium verum;VT305
Galium verum;VT306
Galium verum;VT306
Galium verum;VT326
Galium verum;VT334
Galium verum;VT335
Galium verum;VT335
Galium verum;VT342
Galium verum;VT393
Galium verum;VT417
Galium verum;VT417
Galium verum;VT419
Galium verum;VT419
Galium verum;VT423
Hieracium umbellatum;DG1
Hieracium umbellatum;DG1
Hieracium umbellatum;DG2
Hieracium umbellatum;DG2
Hieracium umbellatum;DG3
Hieracium umbellatum;DG9
Hieracium umbellatum;DG9
Hieracium umbellatum;GCL-5
Hieracium umbellatum;IH1
Hieracium umbellatum;IH1
Hieracium umbellatum;MO-G68
Hieracium umbellatum;MO-G68
Hieracium umbellatum;MO-G72
Hieracium umbellatum;MO-G72
Hieracium umbellatum;SS-G1
Hieracium umbellatum;VT20
Hieracium umbellatum;VT20
Hieracium umbellatum;VT26
Hieracium umbellatum;VT26
Hieracium umbellatum;VT56
Hieracium umbellatum;VT56
Hieracium umbellatum;VT57
Hieracium umbellatum;VT57
Hieracium umbellatum;VT64
Hieracium umbellatum;VT64
Hieracium umbellatum;VT72
Hieracium umbellatum;VT72
Hieracium umbellatum;VT83
Hieracium umbellatum;VT83
Hieracium umbellatum;VT85
Hieracium umbellatum;VT85
Hieracium umbellatum;VT107
Hieracium umbellatum;VT113
Hieracium umbellatum;VT113
Hieracium umbellatum;VT115
Hieracium umbellatum;VT115
Hieracium umbellatum;VT117
Hieracium umbellatum;VT117
Hieracium umbellatum;VT125
Hieracium umbellatum;VT125
Hieracium umbellatum;VT129
Hieracium umbellatum;VT129
Hieracium umbellatum;VT130
Hieracium umbellatum;VT130
Hieracium umbellatum;VT135
Hieracium umbellatum;VT135
Hieracium umbellatum;VT137
Hieracium umbellatum;VT137
Hieracium umbellatum;VT140
Hieracium umbellatum;VT140
Hieracium umbellatum;VT143
Hieracium umbellatum;VT143
Hieracium umbellatum;VT149
Hieracium umbellatum;VT149
Hieracium umbellatum;VT153
Hieracium umbellatum;VT153
Hieracium umbellatum;VT156
Hieracium umbellatum;VT156
Hieracium umbellatum;VT163
Hieracium umbellatum;VT163
Hieracium umbellatum;VT165
Hieracium umbellatum;VT165
Hieracium umbellatum;VT166
Hieracium umbellatum;VT166
Hieracium umbellatum;VT177
Hieracium umbellatum;VT177
Hieracium umbellatum;VT186
Hieracium umbellatum;VT186
Hieracium umbellatum;VT187
Hieracium umbellatum;VT187
Hieracium umbellatum;VT188
Hieracium umbellatum;VT188
Hieracium umbellatum;VT193
Hieracium umbellatum;VT193
Hieracium umbellatum;VT199
Hieracium umbellatum;VT199
Hieracium umbellatum;VT212
Hieracium umbellatum;VT212
Hieracium umbellatum;VT214
Hieracium umbellatum;VT222
Hieracium umbellatum;VT222
Hieracium umbellatum;VT233
Hieracium umbellatum;VT233
Hieracium umbellatum;VT245
Hieracium umbellatum;VT287
Hieracium umbellatum;VT287
Hieracium umbellatum;VT295
Hieracium umbellatum;VT295
Hieracium umbellatum;VT301
Hieracium umbellatum;VT301
Hieracium umbellatum;VT304
Hieracium umbellatum;VT304
Hieracium umbellatum;VT305
Hieracium umbellatum;VT305
Hieracium umbellatum;VT306
Hieracium umbellatum;VT306
Hieracium umbellatum;VT326
Hieracium umbellatum;VT335
Hieracium umbellatum;VT335
Hieracium umbellatum;VT338
Hieracium umbellatum;VT338
Hieracium umbellatum;VT342
Hieracium umbellatum;VT417
Hieracium umbellatum;VT417
Helictotrichon pratense;DG3
Helictotrichon pratense;DG9
Helictotrichon pratense;DG9
Helictotrichon pratense;IH1
Helictotrichon pratense;IH1
Helictotrichon pratense;MO-G68
Helictotrichon pratense;MO-G68
Helictotrichon pratense;MO-G72
Helictotrichon pratense;MO-G72
Helictotrichon pratense;VT20
Helictotrichon pratense;VT20
Helictotrichon pratense;VT26
Helictotrichon pratense;VT26
Helictotrichon pratense;VT56
Helictotrichon pratense;VT56
Helictotrichon pratense;VT57
Helictotrichon pratense;VT57
Helictotrichon pratense;VT60
Helictotrichon pratense;VT60
Helictotrichon pratense;VT64
Helictotrichon pratense;VT64
Helictotrichon pratense;VT83
Helictotrichon pratense;VT83
Helictotrichon pratense;VT85
Helictotrichon pratense;VT85
Helictotrichon pratense;VT109
Helictotrichon pratense;VT109
Helictotrichon pratense;VT113
Helictotrichon pratense;VT113
Helictotrichon pratense;VT115
Helictotrichon pratense;VT115
Helictotrichon pratense;VT117
Helictotrichon pratense;VT117
Helictotrichon pratense;VT125
Helictotrichon pratense;VT125
Helictotrichon pratense;VT129
Helictotrichon pratense;VT129
Helictotrichon pratense;VT130
Helictotrichon pratense;VT130
Helictotrichon pratense;VT135
Helictotrichon pratense;VT135
Helictotrichon pratense;VT137
Helictotrichon pratense;VT137
Helictotrichon pratense;VT140
Helictotrichon pratense;VT140
Helictotrichon pratense;VT143
Helictotrichon pratense;VT143
Helictotrichon pratense;VT149
Helictotrichon pratense;VT149
Helictotrichon pratense;VT153
Helictotrichon pratense;VT153
Helictotrichon pratense;VT155
Helictotrichon pratense;VT155
Helictotrichon pratense;VT156
Helictotrichon pratense;VT156
Helictotrichon pratense;VT163
Helictotrichon pratense;VT163
Helictotrichon pratense;VT165
Helictotrichon pratense;VT165
Helictotrichon pratense;VT166
Helictotrichon pratense;VT166
Helictotrichon pratense;VT177
Helictotrichon pratense;VT177
Helictotrichon pratense;VT186
Helictotrichon pratense;VT186
Helictotrichon pratense;VT187
Helictotrichon pratense;VT187
Helictotrichon pratense;VT188
Helictotrichon pratense;VT188
Helictotrichon pratense;VT193
Helictotrichon pratense;VT193
Helictotrichon pratense;VT196
Helictotrichon pratense;VT196
Helictotrichon pratense;VT199
Helictotrichon pratense;VT199
Helictotrichon pratense;VT214
Helictotrichon pratense;VT214
Helictotrichon pratense;VT222
Helictotrichon pratense;VT222
Helictotrichon pratense;VT233
Helictotrichon pratense;VT233
Helictotrichon pratense;VT234
Helictotrichon pratense;VT263
Helictotrichon pratense;VT263
Helictotrichon pratense;VT276
Helictotrichon pratense;VT276
Helictotrichon pratense;VT287
Helictotrichon pratense;VT287
Helictotrichon pratense;VT293
Helictotrichon pratense;VT293
Helictotrichon pratense;VT295
Helictotrichon pratense;VT295
Helictotrichon pratense;VT301
Helictotrichon pratense;VT301
Helictotrichon pratense;VT304
Helictotrichon pratense;VT304
Helictotrichon pratense;VT305
Helictotrichon pratense;VT305
Helictotrichon pratense;VT306
Helictotrichon pratense;VT306
Helictotrichon pratense;VT334
Helictotrichon pratense;VT342
Helictotrichon pratense;VT342
Helictotrichon pratense;VT344
Helictotrichon pratense;VT347
Helictotrichon pratense;VT347
Helictotrichon pratense;VT356
Helictotrichon pratense;VT356
Helictotrichon pratense;VT366
Helictotrichon pratense;VT366
Helictotrichon pratense;VT417
Helictotrichon pratense;VT417
Helictotrichon pratense;VT419
Helictotrichon pratense;VT419
Hypericum perforatum;DG3
Hypericum perforatum;DG3
Hypericum perforatum;DG9
Hypericum perforatum;IH1
Hypericum perforatum;IH1
Hypericum perforatum;MO-G72
Hypericum perforatum;MO-G72
Hypericum perforatum;VT56
Hypericum perforatum;VT57
Hypericum perforatum;VT57
Hypericum perforatum;VT64
Hypericum perforatum;VT64
Hypericum perforatum;VT83
Hypericum perforatum;VT83
Hypericum perforatum;VT107
Hypericum perforatum;VT113
Hypericum perforatum;VT113
Hypericum perforatum;VT115
Hypericum perforatum;VT115
Hypericum perforatum;VT117
Hypericum perforatum;VT117
Hypericum perforatum;VT129
Hypericum perforatum;VT129
Hypericum perforatum;VT130
Hypericum perforatum;VT130
Hypericum perforatum;VT135
Hypericum perforatum;VT135
Hypericum perforatum;VT137
Hypericum perforatum;VT137
Hypericum perforatum;VT140
Hypericum perforatum;VT140
Hypericum perforatum;VT143
Hypericum perforatum;VT143
Hypericum perforatum;VT149
Hypericum perforatum;VT149
Hypericum perforatum;VT153
Hypericum perforatum;VT153
Hypericum perforatum;VT155
Hypericum perforatum;VT163
Hypericum perforatum;VT163
Hypericum perforatum;VT165
Hypericum perforatum;VT166
Hypericum perforatum;VT166
Hypericum perforatum;VT177
Hypericum perforatum;VT177
Hypericum perforatum;VT186
Hypericum perforatum;VT186
Hypericum perforatum;VT187
Hypericum perforatum;VT187
Hypericum perforatum;VT193
Hypericum perforatum;VT193
Hypericum perforatum;VT199
Hypericum perforatum;VT199
Hypericum perforatum;VT222
Hypericum perforatum;VT222
Hypericum perforatum;VT245
Hypericum perforatum;VT245
Hypericum perforatum;VT276
Hypericum perforatum;VT276
Hypericum perforatum;VT283
Hypericum perforatum;VT283
Hypericum perforatum;VT287
Hypericum perforatum;VT287
Hypericum perforatum;VT304
Hypericum perforatum;VT304
Hypericum perforatum;VT305
Hypericum perforatum;VT305
Hypericum perforatum;VT306
Hypericum perforatum;VT306
Hypericum perforatum;VT326
Hypericum perforatum;VT334
Hypericum perforatum;VT338
Hypericum perforatum;VT338
Hypericum perforatum;VT342
Hypericum perforatum;VT342
Hypericum perforatum;VT417
Hypericum perforatum;VT417
Hypericum perforatum;VT419
Hypericum perforatum;VT419
Inula salicina;DG9
Inula salicina;IH1
Inula salicina;IH1
Inula salicina;MO-G72
Inula salicina;MO-G72
Inula salicina;VT56
Inula salicina;VT56
Inula salicina;VT57
Inula salicina;VT57
Inula salicina;VT64
Inula salicina;VT64
Inula salicina;VT67
Inula salicina;VT67
Inula salicina;VT83
Inula salicina;VT83
Inula salicina;VT113
Inula salicina;VT113
Inula salicina;VT115
Inula salicina;VT115
Inula salicina;VT117
Inula salicina;VT117
Inula salicina;VT125
Inula salicina;VT125
Inula salicina;VT129
Inula salicina;VT129
Inula salicina;VT130
Inula salicina;VT130
Inula salicina;VT135
Inula salicina;VT135
Inula salicina;VT143
Inula salicina;VT143
Inula salicina;VT149
Inula salicina;VT149
Inula salicina;VT153
Inula salicina;VT153
Inula salicina;VT155
Inula salicina;VT155
Inula salicina;VT156
Inula salicina;VT156
Inula salicina;VT163
Inula salicina;VT163
Inula salicina;VT166
Inula salicina;VT166
Inula salicina;VT177
Inula salicina;VT177
Inula salicina;VT186
Inula salicina;VT186
Inula salicina;VT187
Inula salicina;VT187
Inula salicina;VT193
Inula salicina;VT193
Inula salicina;VT199
Inula salicina;VT199
Inula salicina;VT222
Inula salicina;VT222
Inula salicina;VT304
Inula salicina;VT304
Inula salicina;VT342
Inula salicina;VT417
Inula salicina;VT417
Inula salicina;VT419
Inula salicina;VT419
Juniperus communis;DG9
Juniperus communis;DG9
Juniperus communis;VT56
Juniperus communis;VT57
Juniperus communis;VT57
Juniperus communis;VT64
Juniperus communis;VT64
Juniperus communis;VT83
Juniperus communis;VT85
Juniperus communis;VT113
Juniperus communis;VT113
Juniperus communis;VT115
Juniperus communis;VT115
Juniperus communis;VT117
Juniperus communis;VT117
Juniperus communis;VT125
Juniperus communis;VT125
Juniperus communis;VT129
Juniperus communis;VT130
Juniperus communis;VT130
Juniperus communis;VT135
Juniperus communis;VT135
Juniperus communis;VT137
Juniperus communis;VT137
Juniperus communis;VT140
Juniperus communis;VT140
Juniperus communis;VT143
Juniperus communis;VT143
Juniperus communis;VT149
Juniperus communis;VT149
Juniperus communis;VT153
Juniperus communis;VT153
Juniperus communis;VT163
Juniperus communis;VT163
Juniperus communis;VT165
Juniperus communis;VT165
Juniperus communis;VT166
Juniperus communis;VT166
Juniperus communis;VT167
Juniperus communis;VT186
Juniperus communis;VT186
Juniperus communis;VT187
Juniperus communis;VT187
Juniperus communis;VT196
Juniperus communis;VT199
Juniperus communis;VT199
Juniperus communis;VT222
Juniperus communis;VT222
Juniperus communis;VT305
Juniperus communis;VT305
Juniperus communis;VT342
Juniperus communis;VT342
Juniperus communis;VT417
Juniperus communis;VT417
Linum catharticum;VT56
Linum catharticum;VT56
Linum catharticum;VT60
Linum catharticum;VT64
Linum catharticum;VT64
Linum catharticum;VT67
Linum catharticum;VT83
Linum catharticum;VT83
Linum catharticum;VT85
Linum catharticum;VT86
Linum catharticum;VT86
Linum catharticum;VT113
Linum catharticum;VT113
Linum catharticum;VT115
Linum catharticum;VT115
Linum catharticum;VT117
Linum catharticum;VT117
Linum catharticum;VT125
Linum catharticum;VT130
Linum catharticum;VT130
Linum catharticum;VT135
Linum catharticum;VT135
Linum catharticum;VT137
Linum catharticum;VT137
Linum catharticum;VT140
Linum catharticum;VT140
Linum catharticum;VT143
Linum catharticum;VT153
Linum catharticum;VT153
Linum catharticum;VT156
Linum catharticum;VT156
Linum catharticum;VT163
Linum catharticum;VT163
Linum catharticum;VT165
Linum catharticum;VT165
Linum catharticum;VT166
Linum catharticum;VT166
Linum catharticum;VT193
Linum catharticum;VT193
Linum catharticum;VT199
Linum catharticum;VT199
Linum catharticum;VT214
Linum catharticum;VT214
Linum catharticum;VT287
Linum catharticum;VT287
Linum catharticum;VT304
Linum catharticum;VT304
Linum catharticum;VT356
Linum catharticum;VT356
Linum catharticum;VT417
Linum catharticum;VT417
Linum catharticum;VT423
Plantago lanceolata;DG3
Plantago lanceolata;DG9
Plantago lanceolata;VT57
Plantago lanceolata;VT57
Plantago lanceolata;VT64
Plantago lanceolata;VT64
Plantago lanceolata;VT83
Plantago lanceolata;VT83
Plantago lanceolata;VT85
Plantago lanceolata;VT85
Plantago lanceolata;VT113
Plantago lanceolata;VT113
Plantago lanceolata;VT115
Plantago lanceolata;VT115
Plantago lanceolata;VT117
Plantago lanceolata;VT117
Plantago lanceolata;VT125
Plantago lanceolata;VT125
Plantago lanceolata;VT130
Plantago lanceolata;VT130
Plantago lanceolata;VT135
Plantago lanceolata;VT135
Plantago lanceolata;VT137
Plantago lanceolata;VT137
Plantago lanceolata;VT140
Plantago lanceolata;VT140
Plantago lanceolata;VT143
Plantago lanceolata;VT143
Plantago lanceolata;VT149
Plantago lanceolata;VT149
Plantago lanceolata;VT153
Plantago lanceolata;VT153
Plantago lanceolata;VT154
Plantago lanceolata;VT154
Plantago lanceolata;VT155
Plantago lanceolata;VT155
Plantago lanceolata;VT156
Plantago lanceolata;VT156
Plantago lanceolata;VT160
Plantago lanceolata;VT163
Plantago lanceolata;VT163
Plantago lanceolata;VT165
Plantago lanceolata;VT165
Plantago lanceolata;VT166
Plantago lanceolata;VT166
Plantago lanceolata;VT177
Plantago lanceolata;VT177
Plantago lanceolata;VT186
Plantago lanceolata;VT186
Plantago lanceolata;VT187
Plantago lanceolata;VT187
Plantago lanceolata;VT193
Plantago lanceolata;VT193
Plantago lanceolata;VT194
Plantago lanceolata;VT199
Plantago lanceolata;VT199
Plantago lanceolata;VT212
Plantago lanceolata;VT222
Plantago lanceolata;VT222
Plantago lanceolata;VT233
Plantago lanceolata;VT233
Plantago lanceolata;VT287
Plantago lanceolata;VT287
Plantago lanceolata;VT293
Plantago lanceolata;VT293
Plantago lanceolata;VT301
Plantago lanceolata;VT301
Plantago lanceolata;VT304
Plantago lanceolata;VT304
Plantago lanceolata;VT305
Plantago lanceolata;VT326
Plantago lanceolata;VT335
Plantago lanceolata;VT335
Plantago lanceolata;VT342
Plantago lanceolata;VT356
Plantago lanceolata;VT356
Plantago lanceolata;VT417
Plantago lanceolata;VT417
Plantago lanceolata;VT419
Plantago lanceolata;VT419
Plantago lanceolata;VT423
Plantago lanceolata;VT423
Potentilla tabernaemontani;DG1
Potentilla tabernaemontani;DG1
Potentilla tabernaemontani;DG2
Potentilla tabernaemontani;DG2
Potentilla tabernaemontani;DG3
Potentilla tabernaemontani;DG9
Potentilla tabernaemontani;DG9
Potentilla tabernaemontani;VT56
Potentilla tabernaemontani;VT57
Potentilla tabernaemontani;VT57
Potentilla tabernaemontani;VT64
Potentilla tabernaemontani;VT77
Potentilla tabernaemontani;VT77
Potentilla tabernaemontani;VT83
Potentilla tabernaemontani;VT83
Potentilla tabernaemontani;VT85
Potentilla tabernaemontani;VT85
Potentilla tabernaemontani;VT109
Potentilla tabernaemontani;VT113
Potentilla tabernaemontani;VT113
Potentilla tabernaemontani;VT115
Potentilla tabernaemontani;VT115
Potentilla tabernaemontani;VT117
Potentilla tabernaemontani;VT130
Potentilla tabernaemontani;VT130
Potentilla tabernaemontani;VT135
Potentilla tabernaemontani;VT135
Potentilla tabernaemontani;VT143
Potentilla tabernaemontani;VT143
Potentilla tabernaemontani;VT149
Potentilla tabernaemontani;VT149
Potentilla tabernaemontani;VT153
Potentilla tabernaemontani;VT153
Potentilla tabernaemontani;VT156
Potentilla tabernaemontani;VT156
Potentilla tabernaemontani;VT163
Potentilla tabernaemontani;VT163
Potentilla tabernaemontani;VT165
Potentilla tabernaemontani;VT166
Potentilla tabernaemontani;VT166
Potentilla tabernaemontani;VT177
Potentilla tabernaemontani;VT177
Potentilla tabernaemontani;VT186
Potentilla tabernaemontani;VT186
Potentilla tabernaemontani;VT187
Potentilla tabernaemontani;VT187
Potentilla tabernaemontani;VT194
Potentilla tabernaemontani;VT222
Potentilla tabernaemontani;VT222
Potentilla tabernaemontani;VT287
Potentilla tabernaemontani;VT287
Potentilla tabernaemontani;VT301
Potentilla tabernaemontani;VT301
Potentilla tabernaemontani;VT304
Potentilla tabernaemontani;VT304
Potentilla tabernaemontani;VT335
Potentilla tabernaemontani;VT335
Potentilla tabernaemontani;VT342
Potentilla tabernaemontani;VT342
Potentilla tabernaemontani;VT417
Potentilla tabernaemontani;VT417
Potentilla tabernaemontani;VT419
Potentilla tabernaemontani;VT419
Pimpinella saxifraga;DG9
Pimpinella saxifraga;DG9
Pimpinella saxifraga;IH1
Pimpinella saxifraga;IH1
Pimpinella saxifraga;MO-G68
Pimpinella saxifraga;MO-G68
Pimpinella saxifraga;MO-G72
Pimpinella saxifraga;MO-G72
Pimpinella saxifraga;SS-G1
Pimpinella saxifraga;SS-G1
Pimpinella saxifraga;VT57
Pimpinella saxifraga;VT57
Pimpinella saxifraga;VT64
Pimpinella saxifraga;VT64
Pimpinella saxifraga;VT72
Pimpinella saxifraga;VT72
Pimpinella saxifraga;VT83
Pimpinella saxifraga;VT83
Pimpinella saxifraga;VT113
Pimpinella saxifraga;VT113
Pimpinella saxifraga;VT115
Pimpinella saxifraga;VT115
Pimpinella saxifraga;VT117
Pimpinella saxifraga;VT117
Pimpinella saxifraga;VT125
Pimpinella saxifraga;VT125
Pimpinella saxifraga;VT129
Pimpinella saxifraga;VT129
Pimpinella saxifraga;VT130
Pimpinella saxifraga;VT130
Pimpinella saxifraga;VT135
Pimpinella saxifraga;VT135
Pimpinella saxifraga;VT140
Pimpinella saxifraga;VT140
Pimpinella saxifraga;VT143
Pimpinella saxifraga;VT143
Pimpinella saxifraga;VT149
Pimpinella saxifraga;VT149
Pimpinella saxifraga;VT151
Pimpinella saxifraga;VT151
Pimpinella saxifraga;VT153
Pimpinella saxifraga;VT153
Pimpinella saxifraga;VT155
Pimpinella saxifraga;VT156
Pimpinella saxifraga;VT156
Pimpinella saxifraga;VT160
Pimpinella saxifraga;VT160
Pimpinella saxifraga;VT163
Pimpinella saxifraga;VT163
Pimpinella saxifraga;VT165
Pimpinella saxifraga;VT165
Pimpinella saxifraga;VT166
Pimpinella saxifraga;VT166
Pimpinella saxifraga;VT186
Pimpinella saxifraga;VT186
Pimpinella saxifraga;VT187
Pimpinella saxifraga;VT187
Pimpinella saxifraga;VT188
Pimpinella saxifraga;VT188
Pimpinella saxifraga;VT193
Pimpinella saxifraga;VT193
Pimpinella saxifraga;VT199
Pimpinella saxifraga;VT199
Pimpinella saxifraga;VT222
Pimpinella saxifraga;VT287
Pimpinella saxifraga;VT304
Pimpinella saxifraga;VT304
Pimpinella saxifraga;VT326
Pimpinella saxifraga;VT356
Pimpinella saxifraga;VT356
Pimpinella saxifraga;VT417
Pimpinella saxifraga;VT417
Ranunculus bulbosus;DG1
Ranunculus bulbosus;DG1
Ranunculus bulbosus;DG2
Ranunculus bulbosus;DG2
Ranunculus bulbosus;DG3
Ranunculus bulbosus;DG3
Ranunculus bulbosus;DG9
Ranunculus bulbosus;DG9
Ranunculus bulbosus;IH1
Ranunculus bulbosus;IH1
Ranunculus bulbosus;INTA-4
Ranunculus bulbosus;VT56
Ranunculus bulbosus;VT56
Ranunculus bulbosus;VT57
Ranunculus bulbosus;VT57
Ranunculus bulbosus;VT64
Ranunculus bulbosus;VT64
Ranunculus bulbosus;VT77
Ranunculus bulbosus;VT77
Ranunculus bulbosus;VT83
Ranunculus bulbosus;VT83
Ranunculus bulbosus;VT85
Ranunculus bulbosus;VT85
Ranunculus bulbosus;VT113
Ranunculus bulbosus;VT113
Ranunculus bulbosus;VT115
Ranunculus bulbosus;VT115
Ranunculus bulbosus;VT117
Ranunculus bulbosus;VT117
Ranunculus bulbosus;VT125
Ranunculus bulbosus;VT125
Ranunculus bulbosus;VT130
Ranunculus bulbosus;VT130
Ranunculus bulbosus;VT135
Ranunculus bulbosus;VT135
Ranunculus bulbosus;VT137
Ranunculus bulbosus;VT137
Ranunculus bulbosus;VT140
Ranunculus bulbosus;VT140
Ranunculus bulbosus;VT142
Ranunculus bulbosus;VT143
Ranunculus bulbosus;VT143
Ranunculus bulbosus;VT149
Ranunculus bulbosus;VT149
Ranunculus bulbosus;VT153
Ranunculus bulbosus;VT153
Ranunculus bulbosus;VT154
Ranunculus bulbosus;VT155
Ranunculus bulbosus;VT156
Ranunculus bulbosus;VT156
Ranunculus bulbosus;VT163
Ranunculus bulbosus;VT163
Ranunculus bulbosus;VT165
Ranunculus bulbosus;VT165
Ranunculus bulbosus;VT166
Ranunculus bulbosus;VT166
Ranunculus bulbosus;VT186
Ranunculus bulbosus;VT186
Ranunculus bulbosus;VT187
Ranunculus bulbosus;VT187
Ranunculus bulbosus;VT199
Ranunculus bulbosus;VT199
Ranunculus bulbosus;VT212
Ranunculus bulbosus;VT212
Ranunculus bulbosus;VT222
Ranunculus bulbosus;VT222
Ranunculus bulbosus;VT276
Ranunculus bulbosus;VT287
Ranunculus bulbosus;VT287
Ranunculus bulbosus;VT293
Ranunculus bulbosus;VT293
Ranunculus bulbosus;VT295
Ranunculus bulbosus;VT304
Ranunculus bulbosus;VT304
Ranunculus bulbosus;VT305
Ranunculus bulbosus;VT305
Ranunculus bulbosus;VT334
Ranunculus bulbosus;VT342
Ranunculus bulbosus;VT342
Ranunculus bulbosus;VT347
Ranunculus bulbosus;VT347
Ranunculus bulbosus;VT356
Ranunculus bulbosus;VT356
Ranunculus bulbosus;VT366
Ranunculus bulbosus;VT366
Ranunculus bulbosus;VT417
Ranunculus bulbosus;VT417
Ranunculus bulbosus;VT419
Ranunculus bulbosus;VT419
Ranunculus bulbosus;VT423
Sedum acre;DG1
Sedum acre;DG1
Sedum acre;DG2
Sedum acre;DG2
Sedum acre;DG3
Sedum acre;DG3
Sedum acre;IH1
Sedum acre;IH1
Sedum acre;VT77
Sedum acre;VT77
Sedum acre;VT83
Sedum acre;VT83
Sedum acre;VT85
Sedum acre;VT85
Sedum acre;VT86
Sedum acre;VT113
Sedum acre;VT113
Sedum acre;VT115
Sedum acre;VT115
Sedum acre;VT125
Sedum acre;VT125
Sedum acre;VT129
Sedum acre;VT129
Sedum acre;VT130
Sedum acre;VT130
Sedum acre;VT135
Sedum acre;VT135
Sedum acre;VT143
Sedum acre;VT143
Sedum acre;VT149
Sedum acre;VT149
Sedum acre;VT153
Sedum acre;VT153
Sedum acre;VT154
Sedum acre;VT156
Sedum acre;VT156
Sedum acre;VT160
Sedum acre;VT163
Sedum acre;VT163
Sedum acre;VT166
Sedum acre;VT166
Sedum acre;VT186
Sedum acre;VT186
Sedum acre;VT187
Sedum acre;VT187
Sedum acre;VT199
Sedum acre;VT199
Sedum acre;VT222
Sedum acre;VT222
Sedum acre;VT287
Sedum acre;VT287
Sedum acre;VT301
Sedum acre;VT301
Sedum acre;VT304
Sedum acre;VT304
Sedum acre;VT417
Sedum acre;VT417
Sedum acre;VT419
Sedum acre;VT419
Sedum acre;VT423
Sedum acre;VT423
Sesleria caerulea;DG1
Sesleria caerulea;DG1
Sesleria caerulea;DG2
Sesleria caerulea;DG2
Sesleria caerulea;DG3
Sesleria caerulea;DG3
Sesleria caerulea;DG9
Sesleria caerulea;DG9
Sesleria caerulea;IH1
Sesleria caerulea;IH1
Sesleria caerulea;MO-G72
Sesleria caerulea;VT26
Sesleria caerulea;VT56
Sesleria caerulea;VT56
Sesleria caerulea;VT57
Sesleria caerulea;VT57
Sesleria caerulea;VT64
Sesleria caerulea;VT64
Sesleria caerulea;VT67
Sesleria caerulea;VT67
Sesleria caerulea;VT77
Sesleria caerulea;VT77
Sesleria caerulea;VT83
Sesleria caerulea;VT83
Sesleria caerulea;VT85
Sesleria caerulea;VT85
Sesleria caerulea;VT113
Sesleria caerulea;VT113
Sesleria caerulea;VT115
Sesleria caerulea;VT115
Sesleria caerulea;VT117
Sesleria caerulea;VT117
Sesleria caerulea;VT125
Sesleria caerulea;VT125
Sesleria caerulea;VT129
Sesleria caerulea;VT129
Sesleria caerulea;VT130
Sesleria caerulea;VT130
Sesleria caerulea;VT135
Sesleria caerulea;VT135
Sesleria caerulea;VT137
Sesleria caerulea;VT137
Sesleria caerulea;VT140
Sesleria caerulea;VT140
Sesleria caerulea;VT143
Sesleria caerulea;VT143
Sesleria caerulea;VT149
Sesleria caerulea;VT149
Sesleria caerulea;VT153
Sesleria caerulea;VT153
Sesleria caerulea;VT154
Sesleria caerulea;VT154
Sesleria caerulea;VT155
Sesleria caerulea;VT155
Sesleria caerulea;VT156
Sesleria caerulea;VT156
Sesleria caerulea;VT163
Sesleria caerulea;VT163
Sesleria caerulea;VT165
Sesleria caerulea;VT165
Sesleria caerulea;VT166
Sesleria caerulea;VT166
Sesleria caerulea;VT167
Sesleria caerulea;VT167
Sesleria caerulea;VT177
Sesleria caerulea;VT177
Sesleria caerulea;VT186
Sesleria caerulea;VT186
Sesleria caerulea;VT187
Sesleria caerulea;VT187
Sesleria caerulea;VT193
Sesleria caerulea;VT193
Sesleria caerulea;VT196
Sesleria caerulea;VT196
Sesleria caerulea;VT199
Sesleria caerulea;VT199
Sesleria caerulea;VT214
Sesleria caerulea;VT214
Sesleria caerulea;VT222
Sesleria caerulea;VT222
Sesleria caerulea;VT233
Sesleria caerulea;VT233
Sesleria caerulea;VT234
Sesleria caerulea;VT263
Sesleria caerulea;VT263
Sesleria caerulea;VT276
Sesleria caerulea;VT276
Sesleria caerulea;VT287
Sesleria caerulea;VT287
Sesleria caerulea;VT301
Sesleria caerulea;VT301
Sesleria caerulea;VT304
Sesleria caerulea;VT304
Sesleria caerulea;VT305
Sesleria caerulea;VT305
Sesleria caerulea;VT306
Sesleria caerulea;VT326
Sesleria caerulea;VT335
Sesleria caerulea;VT335
Sesleria caerulea;VT342
Sesleria caerulea;VT356
Sesleria caerulea;VT356
Sesleria caerulea;VT417
Sesleria caerulea;VT417
Sesleria caerulea;VT419
Sesleria caerulea;VT419
Sesleria caerulea;VT423
Sedum album;DG1
Sedum album;DG1
Sedum album;DG2
Sedum album;DG2
Sedum album;DG3
Sedum album;DG3
Sedum album;IH1
Sedum album;IH1
Sedum album;VT64
Sedum album;VT64
Sedum album;VT77
Sedum album;VT77
Sedum album;VT83
Sedum album;VT83
Sedum album;VT85
Sedum album;VT85
Sedum album;VT113
Sedum album;VT113
Sedum album;VT115
Sedum album;VT115
Sedum album;VT125
Sedum album;VT125
Sedum album;VT129
Sedum album;VT129
Sedum album;VT130
Sedum album;VT130
Sedum album;VT135
Sedum album;VT135
Sedum album;VT137
Sedum album;VT137
Sedum album;VT140
Sedum album;VT140
Sedum album;VT142
Sedum album;VT143
Sedum album;VT143
Sedum album;VT149
Sedum album;VT149
Sedum album;VT153
Sedum album;VT153
Sedum album;VT154
Sedum album;VT156
Sedum album;VT156
Sedum album;VT163
Sedum album;VT163
Sedum album;VT165
Sedum album;VT165
Sedum album;VT166
Sedum album;VT166
Sedum album;VT177
Sedum album;VT177
Sedum album;VT186
Sedum album;VT186
Sedum album;VT187
Sedum album;VT187
Sedum album;VT188
Sedum album;VT193
Sedum album;VT193
Sedum album;VT199
Sedum album;VT199
Sedum album;VT222
Sedum album;VT222
Sedum album;VT245
Sedum album;VT245
Sedum album;VT283
Sedum album;VT283
Sedum album;VT287
Sedum album;VT287
Sedum album;VT301
Sedum album;VT301
Sedum album;VT304
Sedum album;VT304
Sedum album;VT306
Sedum album;VT306
Sedum album;VT338
Sedum album;VT338
Sedum album;VT342
Sedum album;VT347
Sedum album;VT347
Sedum album;VT356
Sedum album;VT393
Sedum album;VT417
Sedum album;VT417
Sedum album;VT419
Sedum album;VT419
Sedum album;VT423
Sedum album;VT423
Sagina nodosa;DG1
Sagina nodosa;DG1
Sagina nodosa;DG2
Sagina nodosa;DG3
Sagina nodosa;DG3
Sagina nodosa;DG9
Sagina nodosa;DG9
Sagina nodosa;IH1
Sagina nodosa;IH1
Sagina nodosa;INTA-4
Sagina nodosa;MO-G68
Sagina nodosa;MO-G68
Sagina nodosa;VT57
Sagina nodosa;VT57
Sagina nodosa;VT64
Sagina nodosa;VT64
Sagina nodosa;VT77
Sagina nodosa;VT77
Sagina nodosa;VT83
Sagina nodosa;VT83
Sagina nodosa;VT85
Sagina nodosa;VT85
Sagina nodosa;VT113
Sagina nodosa;VT113
Sagina nodosa;VT115
Sagina nodosa;VT115
Sagina nodosa;VT117
Sagina nodosa;VT125
Sagina nodosa;VT125
Sagina nodosa;VT129
Sagina nodosa;VT129
Sagina nodosa;VT130
Sagina nodosa;VT130
Sagina nodosa;VT135
Sagina nodosa;VT135
Sagina nodosa;VT137
Sagina nodosa;VT137
Sagina nodosa;VT140
Sagina nodosa;VT140
Sagina nodosa;VT143
Sagina nodosa;VT143
Sagina nodosa;VT149
Sagina nodosa;VT149
Sagina nodosa;VT153
Sagina nodosa;VT153
Sagina nodosa;VT156
Sagina nodosa;VT156
Sagina nodosa;VT163
Sagina nodosa;VT163
Sagina nodosa;VT165
Sagina nodosa;VT165
Sagina nodosa;VT166
Sagina nodosa;VT166
Sagina nodosa;VT177
Sagina nodosa;VT177
Sagina nodosa;VT186
Sagina nodosa;VT186
Sagina nodosa;VT187
Sagina nodosa;VT187
Sagina nodosa;VT188
Sagina nodosa;VT188
Sagina nodosa;VT191
Sagina nodosa;VT193
Sagina nodosa;VT193
Sagina nodosa;VT199
Sagina nodosa;VT199
Sagina nodosa;VT214
Sagina nodosa;VT214
Sagina nodosa;VT222
Sagina nodosa;VT222
Sagina nodosa;VT245
Sagina nodosa;VT283
Sagina nodosa;VT287
Sagina nodosa;VT287
Sagina nodosa;VT293
Sagina nodosa;VT293
Sagina nodosa;VT301
Sagina nodosa;VT301
Sagina nodosa;VT304
Sagina nodosa;VT304
Sagina nodosa;VT417
Sagina nodosa;VT417
Sagina nodosa;VT419
Sagina nodosa;VT419
Thymus serpyllum;DG1
Thymus serpyllum;DG1
Thymus serpyllum;DG2
Thymus serpyllum;DG2
Thymus serpyllum;DG3
Thymus serpyllum;DG9
Thymus serpyllum;DG9
Thymus serpyllum;IH1
Thymus serpyllum;IH1
Thymus serpyllum;VT26
Thymus serpyllum;VT54
Thymus serpyllum;VT54
Thymus serpyllum;VT57
Thymus serpyllum;VT57
Thymus serpyllum;VT64
Thymus serpyllum;VT64
Thymus serpyllum;VT77
Thymus serpyllum;VT77
Thymus serpyllum;VT83
Thymus serpyllum;VT83
Thymus serpyllum;VT85
Thymus serpyllum;VT85
Thymus serpyllum;VT113
Thymus serpyllum;VT113
Thymus serpyllum;VT115
Thymus serpyllum;VT115
Thymus serpyllum;VT117
Thymus serpyllum;VT117
Thymus serpyllum;VT125
Thymus serpyllum;VT125
Thymus serpyllum;VT130
Thymus serpyllum;VT130
Thymus serpyllum;VT135
Thymus serpyllum;VT135
Thymus serpyllum;VT137
Thymus serpyllum;VT137
Thymus serpyllum;VT140
Thymus serpyllum;VT140
Thymus serpyllum;VT143
Thymus serpyllum;VT143
Thymus serpyllum;VT149
Thymus serpyllum;VT149
Thymus serpyllum;VT153
Thymus serpyllum;VT153
Thymus serpyllum;VT155
Thymus serpyllum;VT155
Thymus serpyllum;VT156
Thymus serpyllum;VT156
Thymus serpyllum;VT163
Thymus serpyllum;VT163
Thymus serpyllum;VT165
Thymus serpyllum;VT165
Thymus serpyllum;VT166
Thymus serpyllum;VT166
Thymus serpyllum;VT177
Thymus serpyllum;VT177
Thymus serpyllum;VT186
Thymus serpyllum;VT186
Thymus serpyllum;VT187
Thymus serpyllum;VT187
Thymus serpyllum;VT193
Thymus serpyllum;VT193
Thymus serpyllum;VT194
Thymus serpyllum;VT199
Thymus serpyllum;VT199
Thymus serpyllum;VT212
Thymus serpyllum;VT212
Thymus serpyllum;VT214
Thymus serpyllum;VT214
Thymus serpyllum;VT222
Thymus serpyllum;VT222
Thymus serpyllum;VT233
Thymus serpyllum;VT233
Thymus serpyllum;VT245
Thymus serpyllum;VT245
Thymus serpyllum;VT276
Thymus serpyllum;VT276
Thymus serpyllum;VT283
Thymus serpyllum;VT283
Thymus serpyllum;VT287
Thymus serpyllum;VT287
Thymus serpyllum;VT293
Thymus serpyllum;VT293
Thymus serpyllum;VT301
Thymus serpyllum;VT301
Thymus serpyllum;VT304
Thymus serpyllum;VT304
Thymus serpyllum;VT305
Thymus serpyllum;VT306
Thymus serpyllum;VT306
Thymus serpyllum;VT326
Thymus serpyllum;VT326
Thymus serpyllum;VT335
Thymus serpyllum;VT338
Thymus serpyllum;VT338
Thymus serpyllum;VT342
Thymus serpyllum;VT342
Thymus serpyllum;VT347
Thymus serpyllum;VT347
Thymus serpyllum;VT356
Thymus serpyllum;VT356
Thymus serpyllum;VT380
Thymus serpyllum;VT417
Thymus serpyllum;VT417
Thymus serpyllum;VT419
Thymus serpyllum;VT419
Thymus serpyllum;VT423
Viola rupestris;DG1
Viola rupestris;DG1
Viola rupestris;DG2
Viola rupestris;DG2
Viola rupestris;DG3
Viola rupestris;DG3
Viola rupestris;DG9
Viola rupestris;DG9
Viola rupestris;IH1
Viola rupestris;IH1
Viola rupestris;MO-G72
Viola rupestris;MO-G72
Viola rupestris;SS-G1
Viola rupestris;VT20
Viola rupestris;VT20
Viola rupestris;VT26
Viola rupestris;VT30
Viola rupestris;VT56
Viola rupestris;VT56
Viola rupestris;VT57
Viola rupestris;VT57
Viola rupestris;VT64
Viola rupestris;VT64
Viola rupestris;VT77
Viola rupestris;VT77
Viola rupestris;VT83
Viola rupestris;VT83
Viola rupestris;VT85
Viola rupestris;VT85
Viola rupestris;VT113
Viola rupestris;VT113
Viola rupestris;VT115
Viola rupestris;VT115
Viola rupestris;VT117
Viola rupestris;VT117
Viola rupestris;VT118
Viola rupestris;VT125
Viola rupestris;VT125
Viola rupestris;VT129
Viola rupestris;VT129
Viola rupestris;VT135
Viola rupestris;VT135
Viola rupestris;VT140
Viola rupestris;VT140
Viola rupestris;VT143
Viola rupestris;VT149
Viola rupestris;VT149
Viola rupestris;VT151
Viola rupestris;VT151
Viola rupestris;VT153
Viola rupestris;VT153
Viola rupestris;VT154
Viola rupestris;VT155
Viola rupestris;VT155
Viola rupestris;VT156
Viola rupestris;VT156
Viola rupestris;VT163
Viola rupestris;VT163
Viola rupestris;VT165
Viola rupestris;VT166
Viola rupestris;VT166
Viola rupestris;VT167
Viola rupestris;VT186
Viola rupestris;VT186
Viola rupestris;VT187
Viola rupestris;VT187
Viola rupestris;VT191
Viola rupestris;VT191
Viola rupestris;VT193
Viola rupestris;VT193
Viola rupestris;VT194
Viola rupestris;VT194
Viola rupestris;VT196
Viola rupestris;VT196
Viola rupestris;VT199
Viola rupestris;VT199
Viola rupestris;VT222
Viola rupestris;VT222
Viola rupestris;VT233
Viola rupestris;VT233
Viola rupestris;VT287
Viola rupestris;VT287
Viola rupestris;VT304
Viola rupestris;VT304
Viola rupestris;VT305
Viola rupestris;VT305
Viola rupestris;VT306
Viola rupestris;VT306
Viola rupestris;VT335
Viola rupestris;VT335
Viola rupestris;VT342
Viola rupestris;VT342
Viola rupestris;VT347
Viola rupestris;VT347
Viola rupestris;VT417
Viola rupestris;VT417
Veronica spicata;DG1
Veronica spicata;DG2
Veronica spicata;DG2
Veronica spicata;DG3
Veronica spicata;DG3
Veronica spicata;DG9
Veronica spicata;DG9
Veronica spicata;IH1
Veronica spicata;MO-G72
Veronica spicata;MO-G72
Veronica spicata;VT57
Veronica spicata;VT57
Veronica spicata;VT64
Veronica spicata;VT64
Veronica spicata;VT77
Veronica spicata;VT77
Veronica spicata;VT78
Veronica spicata;VT78
Veronica spicata;VT83
Veronica spicata;VT83
Veronica spicata;VT85
Veronica spicata;VT85
Veronica spicata;VT113
Veronica spicata;VT113
Veronica spicata;VT115
Veronica spicata;VT115
Veronica spicata;VT125
Veronica spicata;VT125
Veronica spicata;VT129
Veronica spicata;VT129
Veronica spicata;VT130
Veronica spicata;VT130
Veronica spicata;VT135
Veronica spicata;VT135
Veronica spicata;VT140
Veronica spicata;VT140
Veronica spicata;VT143
Veronica spicata;VT143
Veronica spicata;VT149
Veronica spicata;VT149
Veronica spicata;VT153
Veronica spicata;VT153
Veronica spicata;VT155
Veronica spicata;VT155
Veronica spicata;VT156
Veronica spicata;VT156
Veronica spicata;VT163
Veronica spicata;VT163
Veronica spicata;VT165
Veronica spicata;VT165
Veronica spicata;VT166
Veronica spicata;VT166
Veronica spicata;VT177
Veronica spicata;VT177
Veronica spicata;VT185
Veronica spicata;VT186
Veronica spicata;VT186
Veronica spicata;VT187
Veronica spicata;VT187
Veronica spicata;VT191
Veronica spicata;VT199
Veronica spicata;VT199
Veronica spicata;VT212
Veronica spicata;VT212
Veronica spicata;VT214
Veronica spicata;VT222
Veronica spicata;VT222
Veronica spicata;VT287
Veronica spicata;VT287
Veronica spicata;VT304
Veronica spicata;VT304
Veronica spicata;VT305
Veronica spicata;VT306
Veronica spicata;VT338
Veronica spicata;VT338
Veronica spicata;VT342
Veronica spicata;VT356
Veronica spicata;VT356
Veronica spicata;VT371
Veronica spicata;VT371
Veronica spicata;VT373
Veronica spicata;VT373
Veronica spicata;VT417
Veronica spicata;VT417
Veronica spicata;VT419
Veronica spicata;VT419
